Лист;Обозначение линии;Длина, мм;Длина, м;Формула;Участков;Статус;Замечания
1;;5563.0;5.563;900 + 2160 + 200 + 600 + 320 + 1383 = 5563 мм;6;;
2;;22071.0;22.071;150 + 10200 + 1900 + 174 + 730 + 5644 + 1406 + 1350 + 293 + 224 = 22071 мм;10;;исключено размеров: 6
3;;6393.0;6.393;264 + 224 + 198 + 210 + 13 + 178 + 228 + 1250 + 200 + 168 + 950 + 146 + 2364 = 6393 мм;13;;"P5 оформлен выноской, а не обычной размерной линией; включён, поскольку по разбору это размер и геометрически не вложен в другой.; исключено размеров: 1; P5 оформлен выноской, а не обычной размерной линией; включён, поскольку по разбору это размер и геометрически не вложен в другой."
4;;3218.0;3.218;155 + 214 + 159 + 214 + 504 + 250 + 159 + 378 + 81 + 154 + 81 + 159 + 380 + 171 + 159 = 3218 мм;15;;исключено размеров: 2
5;;8175.0;8.175;3505 + 651 + 285 + 850 + 2400 + 34 + 450 = 8175 мм;7;;исключено размеров: 3
6;;10675.0;10.675;3505 + 651 + 285 + 850 + 2400 + 2950 + 34 = 10675 мм;7;;исключено размеров: 4
7;;4306.0;4.306;34 + 840 + 650 + 522 + 1950 + 250 + 60 = 4306 мм;7;;исключено размеров: 2
8;;48625.0;48.625;24100 + 1000 + 23525 = 48625 мм;3;;исключено размеров: 9
9;;860.0;0.86;244 + 123 + 123 + 195 + 175 = 860 мм;5;;
10;;5154.0;5.154;154 + 220 + 244 + 341 + 188 + 2450 + 134 + 149 + 341 + 244 + 220 + 135 + 134 + 200 = 5154 мм;14;;исключено размеров: 1
